"County","Sector","2019","2018","2017","2016","2015","2014","2013","2012","2011","2010","2009","2008","2007","2006","2005","2004","2003","2002","2001","2000","1999","1998","1997","1996","1995","1994","1993","1992","1991","1990","Total Usage"
"ALAMEDA","Non-Residential","     165.174338","     166.174907","     164.045323","     161.210665","     165.096548","     171.368203","     183.710331","     177.604572","     176.475805","     182.719551","     183.008810","     196.888386","     181.211794","     199.402432","     193.655060","     221.536117","     180.128111","     206.740940","     238.223918","     251.905756","     233.148715","     233.853154","     222.272109","     209.501710","     212.485822","     223.492971","     216.197742","     205.907567","     230.373948","     229.905609","    5983.420914"
"ALAMEDA","Residential","     218.976191","     210.826845","     214.981949","     200.660291","     193.346862","     191.236642","     239.531030","     233.334393","     246.221641","     239.361319","     236.611842","     239.793697","     234.158000","     232.049202","     228.914041","     237.954668","     234.607162","     239.323177","     225.870843","     268.786307","     300.289750","     272.586252","     244.883993","     244.551780","     245.521008","     241.235360","     263.446670","     242.379658","     277.623647","     271.287576","    7170.351796"
"ALAMEDA","Total","     384.150529","     377.001752","     379.027272","     361.870956","     358.443410","     362.604845","     423.241361","     410.938965","     422.697446","     422.080870","     419.620653","     436.682083","     415.369794","     431.451635","     422.569101","     459.490785","     414.735273","     446.064117","     464.094762","     520.692063","     533.438465","     506.439406","     467.156102","     454.053489","     458.006829","     464.728331","     479.644412","     448.287225","     507.997594","     501.193185","   13153.772710"
"AMADOR","Non-Residential","       5.058842","       4.274686","       4.207693","       3.624657","       3.104651","       3.361988","       6.158488","       6.370928","       6.635128","       6.917237","       6.707174","       6.180514","       5.674441","       6.191704","       4.087297","       5.015180","       4.907038","       5.278185","       6.590841","       6.733584","       7.871525","       7.125331","       6.335723","       6.593050","      14.306594","      11.615381","      13.634301","      11.911255","      11.795401","      11.658194","     209.927011"
"AMADOR","Residential","       2.165888","       2.030004","       2.049717","       1.921832","       1.885700","       1.796519","       2.343971","       2.162894","       2.398007","       2.234518","       2.249179","       2.221964","       2.205817","       2.185952","       2.156418","       2.241583","       2.210048","       2.254474","       2.127751","       2.045476","       2.154313","       1.997039","       1.839774","       1.734252","       1.741830","       1.714945","       1.827246","       1.628623","       1.755432","       1.615980","      60.897146"
"AMADOR","Total","       7.224730","       6.304690","       6.257410","       5.546489","       4.990351","       5.158507","       8.502459","       8.533822","       9.033135","       9.151755","       8.956353","       8.402478","       7.880258","       8.377656","       6.243715","       7.256763","       7.117086","       7.532660","       8.718592","       8.779060","      10.025838","       9.122370","       8.175498","       8.327302","      16.048423","      13.330326","      15.461547","      13.539877","      13.550833","      13.274175","     270.824158"
"BUTTE","Non-Residential","      16.527181","      16.990629","      17.648878","      17.039655","      16.528871","      17.752469","      18.470805","      18.239243","      18.101027","      17.874904","      17.624018","      17.144457","      18.048262","      19.122693","      18.850298","      23.513508","      22.363528","      18.780406","      18.473087","      34.171089","      34.975237","      35.466956","      26.643273","      19.294379","      18.306778","      17.367093","      15.516238","      14.554602","      17.834060","      17.028776","     600.252400"
"BUTTE","Residential","      22.698185","      24.989481","      27.189926","      25.328217","      23.904163","      24.203910","      28.969511","      28.706792","      30.952046","      29.671813","      29.190053","      29.428904","      28.990591","      28.729505","      28.341348","      29.460648","      29.046201","      29.630080","      27.964576","      31.437340","      33.827864","      31.254801","      28.681872","      28.423685","      28.187193","      30.122988","      30.739004","      27.502154","      29.048088","      28.180464","     854.801403"
"BUTTE","Total","      39.225366","      41.980110","      44.838804","      42.367872","      40.433034","      41.956379","      47.440316","      46.946035","      49.053073","      47.546717","      46.814071","      46.573361","      47.038853","      47.852198","      47.191646","      52.974156","      51.409728","      48.410486","      46.437663","      65.608429","      68.803100","      66.721757","      55.325145","      47.718064","      46.493971","      47.490081","      46.255241","      42.056755","      46.882148","      45.209241","    1455.053800"
"CALAVERAS","Non-Residential","       0.532807","       0.464448","       0.536150","       0.519209","       0.542506","       0.463138","       0.537571","       0.474044","       0.515882","       0.470103","       0.548872","       0.597121","       0.521574","       0.541989","       0.518937","       0.551416","       0.511449","       0.548700","       0.520549","       0.528707","       0.512721","       0.478567","       0.434108","       0.414461","       0.426759","       0.393169","       0.379620","       0.341778","       0.339484","       0.331382","      14.497221"
"CALAVERAS","Residential","       0.430143","       0.371723","       0.425254","       0.391473","       0.436843","       0.356240","       0.502469","       0.467094","       0.502482","       0.437896","       0.483035","       0.533872","       0.477636","       0.473334","       0.466939","       0.485380","       0.478552","       0.488172","       0.460732","       0.522688","       0.567245","       0.514449","       0.461655","       0.460462","       0.462612","       0.514000","       0.504996","       0.459223","       0.452244","       0.417324","      14.006167"
"CALAVERAS","Total","       0.962950","       0.836171","       0.961404","       0.910682","       0.979349","       0.819378","       1.040040","       0.941137","       1.018364","       0.907999","       1.031907","       1.130993","       0.999210","       1.015324","       0.985876","       1.036796","       0.990001","       1.036872","       0.981281","       1.051395","       1.079967","       0.993016","       0.895763","       0.874923","       0.889371","       0.907170","       0.884617","       0.801001","       0.791728","       0.748706","      28.503391"
"COLUSA","Non-Residential","      29.254071","      30.633366","      26.108448","      34.370972","      36.019722","      28.609024","      26.799442","      24.493869","      22.959937","      25.019860","      25.713681","      25.559172","      26.139850","      30.981207","      25.105347","      34.583267","      24.905626","       5.559090","       5.718973","      39.623128","      37.500376","      34.233697","      23.800702","      22.318914","      23.898084","      30.049003","       9.032565","      19.310141","      11.400267","      11.785811","     751.487612"
"COLUSA","Residential","       2.211679","       2.066297","       2.147563","       2.008418","       1.907506","       1.877487","       2.276825","       2.264494","       2.455469","       2.410313","       2.358556","       2.323724","       2.294921","       2.274253","       2.243526","       2.332131","       2.299323","       2.345543","       2.213700","       2.350623","       2.573562","       2.379988","       2.186423","       2.188627","       2.192911","       2.322577","       2.369988","       2.115309","       2.267578","       2.206841","      67.466155"
"COLUSA","Total","      31.465750","      32.699663","      28.256011","      36.379390","      37.927228","      30.486511","      29.076267","      26.758363","      25.415406","      27.430173","      28.072237","      27.882896","      28.434770","      33.255460","      27.348873","      36.915397","      27.204949","       7.904633","       7.932673","      41.973752","      40.073939","      36.613685","      25.987125","      24.507541","      26.090995","      32.371580","      11.402553","      21.425450","      13.667845","      13.992651","     818.953766"
"CONTRA COSTA","Non-Residential","    1029.002131","     955.564059","     945.931318","     977.855725","     934.979818","     950.582136","     912.343777","     932.253917","     884.884242","     827.647325","     782.416999","     770.736780","     731.690410","     836.915778","     876.315712","     956.293330","     713.861315","     646.674885","     810.668502","     727.084946","     618.240411","     742.080497","     895.859875","     845.447456","     670.897841","     531.099633","     546.613658","     554.478722","     604.288332","     701.736398","   23914.445928"
"CONTRA COSTA","Residential","     176.043090","     168.580075","     171.980925","     158.257854","     152.673921","     148.643695","     185.618582","     180.010794","     195.127393","     187.273362","     182.677806","     183.400279","     182.457134","     180.813947","     178.371013","     185.415517","     182.807123","     186.481866","     175.999738","     197.554721","     219.151505","     197.816409","     176.482230","     173.625339","     172.470987","     198.288802","     191.460975","     172.483770","     191.845919","     188.639534","    5442.454305"
"CONTRA COSTA","Total","    1205.045221","    1124.144134","    1117.912243","    1136.113579","    1087.653739","    1099.225831","    1097.962359","    1112.264711","    1080.011636","    1014.920687","     965.094805","     954.137059","     914.147544","    1017.729725","    1054.686725","    1141.708846","     896.668437","     833.156751","     986.668240","     924.639667","     837.391916","     939.896906","    1072.342105","    1019.072795","     843.368828","     729.388435","     738.074633","     726.962492","     796.134252","     890.375932","   29356.900233"
"EL DORADO","Non-Residential","       9.825166","       9.323048","       9.824736","       9.147014","       8.604685","       8.184247","       8.436536","       7.927914","       8.634520","       8.297323","       9.021875","       8.937691","       1.245517","       1.276970","       3.420209","       2.469789","       3.877358","       6.235072","       6.569116","       2.111902","       6.657920","       6.692987","       7.298315","       9.155562","       7.121524","       7.793143","       5.695428","       3.180060","       9.678042","       7.721067","     204.364736"
"EL DORADO","Residential","      25.089235","      22.956908","      24.003824","      21.536125","      20.287449","      19.275798","      22.950814","      21.583877","      24.234472","      23.036098","      22.605753","      22.440622","      22.452913","      21.891589","      22.969312","      22.551599","      21.973006","      22.139927","      21.288974","      18.053855","      18.163260","      17.558721","      15.854373","      15.255247","      14.180721","      14.093138","      14.484630","      12.178994","       3.794491","       0.900265","     569.785990"
"EL DORADO","Total","      34.914401","      32.279956","      33.828560","      30.683139","      28.892134","      27.460045","      31.387350","      29.511791","      32.868992","      31.333421","      31.627628","      31.378313","      23.698431","      23.168559","      26.389521","      25.021388","      25.850363","      28.374998","      27.858090","      20.165756","      24.821180","      24.251708","      23.152688","      24.410809","      21.302245","      21.886281","      20.180057","      15.359054","      13.472533","       8.621332","     774.150723"
"FRESNO","Non-Residential","     245.341780","     245.873671","     238.870384","     187.421155","     202.520120","     200.372785","     187.057991","     195.212271","     177.589004","     168.637535","     157.397415","     165.122102","     184.172413","     204.109310","     200.879040","     225.061063","     181.896477","     175.722251","     191.063059","     239.734234","     214.381401","     243.646599","     176.554471","     164.800396","     209.176690","     203.106560","     188.218368","     163.895187","     171.075104","     183.528714","    5892.437550"
"FRESNO","Residential","     106.850460","     100.757405","     102.328934","      97.999982","      97.461794","      94.595734","     113.190661","     110.959945","     118.177507","     114.649680","     114.023199","     113.031440","     113.784305","     113.328936","     112.803275","     116.310123","     114.133556","     116.446264","     110.957839","     113.962404","     129.148200","     122.804225","     103.355098","     108.655313","     103.978321","     115.775318","     110.391533","     105.225545","     111.769543","     111.394712","    3318.251251"
"FRESNO","Total","     352.192240","     346.631076","     341.199319","     285.421137","     299.981914","     294.968519","     300.248652","     306.172217","     295.766511","     283.287216","     271.420613","     278.153542","     297.956718","     317.438246","     313.682315","     341.371186","     296.030032","     292.168515","     302.020898","     353.696638","     343.529601","     366.450824","     279.909569","     273.455708","     313.155011","     318.881877","     298.609901","     269.120732","     282.844647","     294.923427","    9210.688801"
"GLENN","Non-Residential","       6.174768","       5.790626","       6.059326","       5.838224","       6.159485","       5.767873","       5.434354","       5.116530","       5.567266","       5.086630","       5.435332","       5.087439","       6.384368","       7.632933","       7.222033","      10.746555","      10.241847","      10.019229","      11.544233","       9.441588","       7.151925","       7.291072","       8.134656","      10.385909","      18.677264","      16.727423","      12.361125","      11.150185","      12.935990","      12.267772","     257.833960"
"GLENN","Residential","       2.509179","       2.235269","       2.475166","       2.294903","       2.172333","       2.139632","       2.660308","       2.572591","       2.762586","       2.682350","       2.625447","       2.688755","       2.612927","       2.589395","       2.554410","       2.655293","       2.617939","       2.670564","       2.520452","       2.889193","       3.239272","       3.169064","       2.772552","       2.782644","       2.798388","       2.911720","       2.984223","       2.699594","       2.906481","       2.822594","      80.015224"
"GLENN","Total","       8.683947","       8.025895","       8.534492","       8.133127","       8.331818","       7.907505","       8.094662","       7.689121","       8.329852","       7.768980","       8.060779","       7.776194","       8.997294","      10.222328","       9.776444","      13.401848","      12.859786","      12.689794","      14.064685","      12.330781","      10.391197","      10.460137","      10.907208","      13.168552","      21.475652","      19.639144","      15.345348","      13.849778","      15.842471","      15.090367","     337.849186"
"HUMBOLDT","Non-Residential","      12.004186","      12.037460","      11.960785","      11.246100","      11.613973","      11.251958","      13.069921","      13.081425","      12.365557","      12.023668","      12.422340","      17.571709","      13.933690","      14.659209","      14.781733","      18.257426","      13.591270","      20.370529","      30.323601","      28.336432","      29.924348","      26.536381","      24.212817","      25.782815","      30.503795","      21.421380","      24.744783","      35.784847","      32.447179","      32.072761","     588.334078"
"HUMBOLDT","Residential","      19.806419","      19.588375","      20.404785","      18.028552","      17.319698","      17.468880","      22.155086","      21.609713","      21.774569","      21.279826","      21.753675","      22.525386","      21.361711","      21.169330","      20.883316","      21.708073","      21.402687","      21.832919","      20.605692","      23.085008","      25.520329","      22.964881","      20.771717","      20.762566","      20.231050","      22.030697","      22.471989","      19.481293","      22.530858","      21.277042","     633.806122"
"HUMBOLDT","Total","      31.810605","      31.625835","      32.365570","      29.274652","      28.933671","      28.720838","      35.225007","      34.691138","      34.140126","      33.303494","      34.176015","      40.097095","      35.295401","      35.828539","      35.665049","      39.965499","      34.993957","      42.203447","      50.929293","      51.421441","      55.444677","      49.501262","      44.984534","      46.545380","      50.734844","      43.452077","      47.216772","      55.266141","      54.978036","      53.349803","    1222.140198"
"IMPERIAL","Non-Residential","      34.736588","      31.159557","      33.090899","      28.708346","      24.216010","      26.330084","      29.350702","      29.576781","      23.671057","      23.014212","      22.031469","      29.457472","      36.636454","      36.334704","      37.985161","      38.797349","      37.616992","      41.069514","      37.801457","      28.656942","      25.724670","      23.931189","      20.737804","      22.730395","      14.827580","      17.503023","      15.453666","      17.254421","      14.517083","      18.366278","     821.287859"
"IMPERIAL","Residential","       8.177465","       7.570068","       7.351419","       7.381508","       7.278246","       7.263473","       7.949235","       7.619799","       7.845002","       7.766902","       7.608560","       7.791909","       8.194205","       8.112518","       7.905356","       8.496261","       8.011994","       8.519954","       8.629829","       6.583625","       6.890842","       6.939090","       6.406382","       6.386567","       6.468121","       7.006010","       6.770951","       6.586217","       6.739683","       6.540222","     222.791413"
"IMPERIAL","Total","      42.914053","      38.729625","      40.442318","      36.089854","      31.494256","      33.593557","      37.299937","      37.196580","      31.516059","      30.781114","      29.640029","      37.249381","      44.830659","      44.447223","      45.890517","      47.293610","      45.628986","      49.589468","      46.431287","      35.240567","      32.615512","      30.870279","      27.144186","      29.116962","      21.295701","      24.509033","      22.224617","      23.840638","      21.256766","      24.906499","    1044.079273"
"KERN","Non-Residential","    2318.344965","    2361.827134","    2304.668616","    2430.051965","    2672.932436","    2629.146253","    2593.572399","    2226.563625","    2268.216577","    2224.477929","    2394.789626","    2490.720323","    2532.068592","    2433.558956","    2468.373763","    2571.291770","    2504.540281","    2678.733774","    2784.869347","    2579.912720","    2581.853793","    2536.676257","    2424.546068","    2150.480780","    2006.024012","    2064.302985","    2095.675561","    2331.177312","    2453.551298","    2543.510120","   72656.459237"
"KERN","Residential","      98.757138","      93.703436","      92.469602","      90.010611","      88.869625","      85.633844","     103.159485","      99.412400","     107.312276","     102.477071","     102.625936","     100.193770","     103.544290","     102.565517","     100.607757","     106.215248","     102.582344","     106.678521","     104.134472","      97.191168","     107.080774","     104.312447","      91.393383","      89.892323","      87.331622","      98.702129","      94.510721","      92.030933","      97.145618","      95.372229","    2945.916690"
"KERN","Total","    2417.102103","    2455.530570","    2397.138219","    2520.062576","    2761.802061","    2714.780097","    2696.731884","    2325.976025","    2375.528853","    2326.955000","    2497.415562","    2590.914093","    2635.612882","    2536.124473","    2568.981520","    2677.507018","    2607.122625","    2785.412296","    2889.003820","    2677.103888","    2688.934567","    2640.988704","    2515.939451","    2240.373103","    2093.355634","    2163.005114","    2190.186282","    2423.208244","    2550.696915","    2638.882350","   75602.375929"
"KINGS","Non-Residential","      54.332500","      55.827178","      50.017231","      53.538614","      53.818563","      53.263038","      54.219380","      52.720079","      54.489471","      53.015295","      52.219316","      53.463029","      53.628663","      51.051900","      51.793534","      51.845759","      49.922274","      51.883690","      45.991388","      28.165873","      28.721599","      24.583663","      22.032540","      21.359533","      16.456001","      21.624152","      18.766518","      20.758769","      24.792529","      25.427038","    1249.729117"
"KINGS","Residential","      14.819509","      14.520997","      14.270693","      13.603023","      13.410853","      13.056777","      15.307034","      15.183227","      16.540594","      15.687701","      15.929018","      15.803096","      16.121133","      15.961354","      15.565257","      16.695478","      15.785952","      16.744940","      16.892763","      15.109065","      16.214075","      15.290343","      13.183302","      13.689484","      14.261115","      15.452272","      15.046132","      15.525730","      15.928157","      15.600663","     457.199737"
"KINGS","Total","      69.152009","      70.348175","      64.287925","      67.141637","      67.229416","      66.319815","      69.526414","      67.903306","      71.030065","      68.702996","      68.148333","      69.266125","      69.749797","      67.013253","      67.358791","      68.541237","      65.708226","      68.628630","      62.884151","      43.274937","      44.935674","      39.874006","      35.215842","      35.049017","      30.717116","      37.076424","      33.812650","      36.284499","      40.720686","      41.027701","    1706.928853"
"LAKE","Non-Residential","","","","","","","       0.000000","       0.000000","       0.000000","","","","","","","","","","","","","","","","","","","","","",""
"LAKE","Residential","","","","","","","       0.000439","       0.001157","       0.000546","","","","","","","","","","","","","","","","","","","","","",""
"LAKE","Total","","","","","","","       0.000439","       0.001157","       0.000546","","","","","","","","","","","","","","","","","","","","","",""
"LASSEN","Non-Residential","       1.122410","       1.092881","       1.147105","       1.083104","       0.958532","       0.003571","       0.000148","","","","","","","","","","","","","","","","","","","","","","","",""
"LASSEN","Residential","       1.150851","       1.076261","       1.289169","       1.029439","       0.893093","       0.002235","       0.000025","","","","","","","","","","","","","","","","","","","","","","","",""
"LASSEN","Total","       2.273261","       2.169142","       2.436274","       2.112543","       1.851625","       0.005806","       0.000173","","","","","","","","","","","","","","","","","","","","","","","",""
"LOS ANGELES","Non-Residential","    1812.591714","    1813.722284","    1840.593319","    1767.522497","    1677.088197","    1715.328124","    1743.992647","    1677.306137","    1686.375536","    1698.680611","    1589.969530","    1654.819634","    1697.871044","    1617.318124","    1635.005860","    1636.512193","    1624.000363","    1690.448800","    1536.333960","    1834.427025","    1823.222149","    1834.326095","    1580.558229","    1583.455531","    1154.632563","    1152.425233","    1153.308738","    1069.106791","    1198.531780","    1246.401356","   47745.876064"
"LOS ANGELES","Residential","    1235.729245","    1107.785000","    1116.125569","    1110.871684","    1084.702448","    1078.650081","    1322.674902","    1281.510997","    1369.616606","    1349.059592","    1307.525848","    1311.148140","    1337.047290","    1325.050983","    1293.238114","    1387.724925","    1310.071379","    1392.726852","    1410.682797","    1430.219302","    1546.583644","    1524.570607","    1323.530877","    1357.118903","    1347.709542","    1461.985268","    1451.189723","    1470.273147","    1507.210703","    1515.460510","   40067.794678"
"LOS ANGELES","Total","    3048.320959","    2921.507284","    2956.718888","    2878.394181","    2761.790645","    2793.978205","    3066.667549","    2958.817134","    3055.992143","    3047.740203","    2897.495378","    2965.967774","    3034.918334","    2942.369106","    2928.243974","    3024.237118","    2934.071742","    3083.175652","    2947.016757","    3264.646327","    3369.805793","    3358.896702","    2904.089106","    2940.574434","    2502.342105","    2614.410501","    2604.498461","    2539.379938","    2705.742483","    2761.861865","   87813.670741"
"MADERA","Non-Residential","      48.815717","      48.934937","      46.817313","      46.823814","      43.985685","      40.979782","      38.073781","      36.913113","      35.964208","      34.117994","      35.245717","      44.621121","      44.688646","      56.627387","      49.849630","      61.101050","      44.909049","      61.238437","      95.986268","      48.816086","      51.333538","      50.617318","      46.414116","      37.040763","      40.185559","      40.785752","      41.236834","      41.024149","      46.649771","      36.396492","    1396.194027"
"MADERA","Residential","       8.251890","       7.805462","       7.920379","       7.560517","       7.677906","       7.253610","       8.859487","       8.606451","       9.231331","       8.758828","       8.726424","       8.602775","       8.728519","       8.649911","       8.533044","       8.870044","       8.745262","       8.921057","       8.419605","       7.763942","       8.728097","       8.268429","       7.275744","       7.195226","       6.912332","       7.712684","       7.245020","       6.932971","       7.352249","       7.230603","     242.739799"
"MADERA","Total","      57.067607","      56.740399","      54.737692","      54.384331","      51.663591","      48.233392","      46.933268","      45.519564","      45.195539","      42.876822","      43.972141","      53.223896","      53.417165","      65.277298","      58.382674","      69.971094","      53.654310","      70.159494","     104.405873","      56.580028","      60.061635","      58.885747","      53.689860","      44.235989","      47.097890","      48.498436","      48.481854","      47.957120","      54.002020","      43.627094","    1638.933823"
"MARIN","Non-Residential","      19.080808","      19.258785","      19.234280","      18.771131","      18.048344","      18.607418","      20.635685","      19.965570","      21.197235","      22.057487","      21.727964","      21.945197","      20.997672","      22.236990","      21.403618","      23.726310","      21.480936","      21.284299","      19.254311","      27.335690","      24.429853","      23.366571","      19.731405","      19.467359","      19.872415","      21.326776","      21.014984","      19.864528","      21.302210","      20.816520","     629.442351"
"MARIN","Residential","      51.209731","      49.276478","      51.057186","      47.539594","      45.170690","      44.245650","      55.852840","      55.516792","      59.717360","      57.368539","      57.275554","      57.735211","      55.716098","      55.214326","      54.468338","      56.619486","      55.822972","      56.945112","      53.744232","      64.524846","      71.807945","      66.947643","      57.222467","      60.556330","      61.349480","      65.106608","      63.473949","      57.597041","      64.141503","      63.172478","    1716.396479"
"MARIN","Total","      70.290539","      68.535263","      70.291466","      66.310725","      63.219034","      62.853068","      76.488525","      75.482362","      80.914595","      79.426026","      79.003518","      79.680408","      76.713770","      77.451316","      75.871956","      80.345796","      77.303908","      78.229411","      72.998544","      91.860536","      96.237798","      90.314215","      76.953872","      80.023689","      81.221895","      86.433384","      84.488933","      77.461569","      85.443714","      83.988998","    2345.838833"
"MARIPOSA","Non-Residential","","","       0.000000","","","","","","","","","","","","","","","","","","","","","","","","","","","",""
"MARIPOSA","Residential","","","       0.001117","","","","","","","","","","","","","","","","","","","","","","","","","","","",""
"MARIPOSA","Total","","","       0.001117","","","","","","","","","","","","","","","","","","","","","","","","","","","",""
"MENDOCINO","Non-Residential","       4.696770","       4.626562","       4.680994","       4.265136","       3.962979","       3.710255","       4.142412","       4.228882","       4.405653","       4.157625","       3.986140","       4.160066","       4.577443","       5.030041","       6.023880","       6.250973","       5.342939","       6.134026","       7.701739","      10.205710","      12.065879","      10.887590","      13.754458","      17.271615","      19.833217","      14.415789","      13.353569","      10.842626","       8.760918","       8.812512","     232.288398"
"MENDOCINO","Residential","       5.683291","       5.637471","       5.879542","       5.320475","       5.010364","       5.200342","       6.263203","       6.255296","       6.540288","       6.451556","       6.356442","       6.592213","       6.254440","       6.198114","       6.114372","       6.355851","       6.266438","       6.392404","       6.033088","       6.902925","       7.628986","       7.239367","       6.343219","       6.258635","       5.879045","       6.686487","       6.641784","       5.836307","       6.163640","       5.845926","     186.231511"
"MENDOCINO","Total","      10.380061","      10.264033","      10.560536","       9.585611","       8.973343","       8.910597","      10.405615","      10.484178","      10.945941","      10.609181","      10.342583","      10.752279","      10.831883","      11.228154","      12.138252","      12.606823","      11.609377","      12.526430","      13.734827","      17.108636","      19.694865","      18.126958","      20.097677","      23.530249","      25.712262","      21.102276","      19.995353","      16.678933","      14.924558","      14.658439","     418.519910"
"MERCED","Non-Residential","      94.225388","      95.574552","      92.375672","      95.971307","     103.441364","     103.708237","      96.209059","      97.686035","      94.540546","      89.072155","      94.343949","      86.377430","      94.791209","     110.739717","      93.368232","     125.559814","      92.090565","      75.351874","      84.311285","      72.645876","      80.365476","      63.870971","      62.730491","      64.566101","      58.550176","      63.186697","      52.595829","      50.734106","      56.331180","      42.787808","    2488.103101"
"MERCED","Residential","      25.936150","      24.729991","      25.202028","      23.562844","      23.848163","      22.947584","      27.609972","      26.922788","      28.970825","      27.222800","      26.908018","      27.099364","      27.301437","      27.055564","      26.690023","      27.744106","      27.353807","      27.903667","      26.335204","      25.377907","      28.527948","      26.555204","      23.026363","      22.780865","      22.489312","      25.872829","      17.508277","      23.593192","      24.808516","      24.421171","     766.305919"
"MERCED","Total","     120.161538","     120.304543","     117.577700","     119.534151","     127.289527","     126.655821","     123.819031","     124.608823","     123.511371","     116.294955","     121.251966","     113.476794","     122.092646","     137.795281","     120.058255","     153.303920","     119.444372","     103.255541","     110.646489","      98.023783","     108.893424","      90.426175","      85.756854","      87.346966","      81.039488","      89.059526","      70.104106","      74.327298","      81.139696","      67.208978","    3254.409018"
"MONTEREY","Non-Residential","      63.430578","      62.417055","      59.790101","      56.109537","      56.317646","      55.285939","      57.060190","      54.217191","      54.236967","      50.607491","      50.256183","      52.744432","      55.038133","      54.232877","      55.582508","      59.429577","      51.547297","      53.874133","      54.660769","      64.343299","      71.357486","      68.310084","      70.428976","      66.414809","      61.606145","      65.708606","      72.142922","      75.264766","      89.327260","      84.199045","    1845.942002"
"MONTEREY","Residential","      51.568504","      49.762345","      50.524358","      48.645620","      46.817858","      46.704689","      57.924782","      57.186952","      58.050418","      58.137606","      57.957399","      59.309126","      56.915525","      56.402951","      55.640904","      57.838361","      57.024700","      58.170997","      54.901210","      62.972803","      70.898891","      64.490295","      57.546241","      57.137375","      56.459824","      65.524605","      63.094479","      61.148495","      69.780284","      64.079396","    1732.616993"
"MONTEREY","Total","     114.999082","     112.179400","     110.314459","     104.755157","     103.135504","     101.990628","     114.984972","     111.404143","     112.287385","     108.745097","     108.213582","     112.053558","     111.953658","     110.635827","     111.223412","     117.267938","     108.571997","     112.045129","     109.561979","     127.316101","     142.256377","     132.800380","     127.975216","     123.552184","     118.065969","     131.233211","     135.237401","     136.413261","     159.107545","     148.278440","    3578.558992"
"NAPA","Non-Residential","      19.000266","      18.781389","      18.185716","      17.134478","      16.265170","      16.407364","      18.429823","      18.399163","      18.371358","      17.186139","      16.685245","      16.857929","      16.828293","      18.030563","      17.594030","      20.045688","      16.957752","      19.524872","      19.894467","      18.850874","      17.729269","      19.331610","      16.093504","      12.976689","      12.026958","      13.055978","      12.503309","      13.091343","      15.273623","      15.853997","     507.366859"
"NAPA","Residential","      20.727334","      20.619081","      20.743254","      19.349032","      18.422281","      18.567591","      22.692484","      22.201930","      23.724182","      22.808215","      22.809855","      22.029396","      22.313092","      22.112143","      21.813391","      22.674879","      22.355893","      22.805286","      21.523403","      23.596674","      26.122404","      24.998865","      21.365840","      21.280785","      21.347686","      24.755759","      25.088685","      23.309997","      23.795343","      22.997728","     668.952488"
"NAPA","Total","      39.727600","      39.400470","      38.928970","      36.483510","      34.687451","      34.974955","      41.122307","      40.601093","      42.095540","      39.994354","      39.495100","      38.887325","      39.141385","      40.142706","      39.407422","      42.720567","      39.313645","      42.330157","      41.417870","      42.447548","      43.851673","      44.330475","      37.459344","      34.257474","      33.374644","      37.811737","      37.591994","      36.401340","      39.068967","      38.851725","    1176.319348"
"NEVADA","Non-Residential","       6.391244","       5.738986","       6.262712","       5.891587","       5.477782","       5.336516","       6.056555","       5.507303","       5.924627","       5.634477","       6.223562","       6.652118","       4.819416","       3.207247","       3.184735","       3.341870","       3.000277","       3.068195","       2.853455","       3.046367","       3.229422","       3.280734","       2.734645","       2.451913","       2.437860","       2.770590","       2.711892","       2.269085","       2.625215","       2.361154","     124.491541"
"NEVADA","Residential","      14.932247","      13.105233","      14.252984","      12.894977","      11.674049","      11.311242","      13.192459","      12.572867","      14.167891","      13.276597","      12.781606","      13.092664","      12.442316","       5.984929","       5.904068","       6.137240","       6.050903","       6.172536","       5.825579","       6.191007","       6.332815","       6.489629","       5.136862","       4.863043","       4.738908","       5.174772","       4.974190","       4.172576","       4.306807","       3.826668","     261.979664"
"NEVADA","Total","      21.323491","      18.844219","      20.515696","      18.786564","      17.151831","      16.647758","      19.249014","      18.080170","      20.092518","      18.911075","      19.005168","      19.744782","      17.261732","       9.192175","       9.088803","       9.479110","       9.051179","       9.240731","       8.679033","       9.237375","       9.562238","       9.770363","       7.871507","       7.314956","       7.176768","       7.945362","       7.686082","       6.441661","       6.932022","       6.187822","     386.471205"
"ORANGE","Non-Residential","     241.010480","     236.073479","     232.285127","     232.223485","     227.551930","     225.550853","     237.982223","     230.824950","     231.579575","     230.716798","     224.623084","     236.732544","     245.564703","     238.931182","     243.072489","     245.964337","     234.456163","     238.437151","     236.068168","     248.603852","     257.921158","     247.877472","     218.677701","     226.103445","     214.950448","     209.308134","     212.337082","     193.665177","     211.712319","     212.826481","    6923.631990"
"ORANGE","Residential","     382.135884","     339.030950","     343.737901","     337.827012","     316.917643","     319.182227","     398.302918","     381.864899","     407.996650","     404.986259","     386.618286","     396.200047","     401.224534","     397.224804","     387.081232","     416.014542","     392.302678","     417.174665","     422.554634","     426.274734","     478.499821","     450.326469","     396.614652","     403.726927","     397.460559","     430.513427","     414.373342","     423.464433","     433.331634","     431.893804","   11934.857567"
"ORANGE","Total","     623.146364","     575.104429","     576.023027","     570.050497","     544.469573","     544.733080","     636.285140","     612.689849","     639.576224","     635.703057","     611.241370","     632.932591","     646.789237","     636.155986","     630.153721","     661.978878","     626.758841","     655.611816","     658.622802","     674.878586","     736.420979","     698.203941","     615.292353","     629.830372","     612.411007","     639.821561","     626.710425","     617.129610","     645.043953","     644.720284","   18858.489553"
"PLACER","Non-Residential","      29.690236","      28.746570","      28.769978","      26.989047","      25.405577","      24.737927","      28.055814","      27.210816","      29.119605","      29.744310","      30.352841","      31.469978","      45.383065","      47.547888","      39.193099","      40.408262","      36.065894","      41.856044","      50.465779","      38.336951","      30.312728","      29.633481","      26.208149","      22.273599","      20.895248","      21.079439","      22.378915","      19.565193","      21.829013","      21.675325","     915.400771"
"PLACER","Residential","      66.234982","      62.184773","      63.464633","      57.074186","      53.365536","      50.980638","      62.167549","      60.001764","      65.306686","      61.803237","      60.538597","      59.596496","      62.202351","      67.386400","      66.585826","      69.232328","      66.084381","      66.386803","      61.991019","      56.901849","      39.740212","      36.556419","      29.791270","      28.562757","      26.401474","      37.243680","      35.863827","      30.667723","      32.389274","      31.528075","    1568.234745"
"PLACER","Total","      95.925218","      90.931343","      92.234611","      84.063233","      78.771113","      75.718565","      90.223363","      87.212580","      94.426291","      91.547547","      90.891438","      91.066474","     107.585416","     114.934289","     105.778925","     109.640590","     102.150275","     108.242847","     112.456798","      95.238801","      70.052940","      66.189900","      55.999419","      50.836356","      47.296722","      58.323119","      58.242742","      50.232916","      54.218288","      53.203400","    2483.635519"
"RIVERSIDE","Non-Residential","     148.215491","     139.190918","     139.166211","     143.274204","     128.307248","     123.412690","     129.429348","     130.238045","     135.786993","     131.168336","     126.493788","     140.089346","     141.566091","     134.132004","     136.129600","     137.533799","     131.444413","     136.501841","     132.565427","     143.565033","     144.287072","     137.461118","     128.312948","     122.573990","     109.597928","     131.289794","     130.919188","     130.629507","     127.428833","     131.613711","    4002.324915"
"RIVERSIDE","Residential","     304.776599","     259.344553","     254.262566","     252.688320","     224.847393","     207.343920","     253.762522","     243.237930","     269.459274","     267.323965","     258.021804","     272.718655","     266.215028","     263.561182","     256.830858","     276.028293","     260.295321","     276.798042","     280.367686","     231.789232","     245.426167","     243.030405","     209.360635","     204.664087","     205.959932","     223.087621","     217.086186","     212.561010","     217.513961","     207.699271","    7366.062418"
"RIVERSIDE","Total","     452.992090","     398.535471","     393.428777","     395.962524","     353.154641","     330.756610","     383.191870","     373.475975","     405.246267","     398.492302","     384.515591","     412.808001","     407.781119","     397.693187","     392.960458","     413.562092","     391.739734","     413.299883","     412.933113","     375.354265","     389.713239","     380.491523","     337.673583","     327.238077","     315.557860","     354.377415","     348.005374","     343.190517","     344.942794","     339.312982","   11368.387334"
"SACRAMENTO","Non-Residential","     112.001868","     110.946285","     109.925151","     105.200835","     102.835605","     100.810185","     106.501165","     104.068685","     108.186202","     103.831950","     103.266500","     104.507329","     107.089393","     114.848372","     120.335105","     131.526317","     113.233073","     112.868666","     118.547901","      99.199649","     102.365010","     106.611388","     103.026703","     128.003093","     126.615538","     139.489546","     127.852703","     131.341302","     138.262407","     140.179861","    3433.477787"
"SACRAMENTO","Residential","     199.788073","     194.345859","     198.851836","     182.459477","     176.512509","     172.911259","     210.432315","     205.339138","     221.166298","     211.426517","     211.976860","     207.398327","     208.381584","     206.504925","     203.714886","     211.760309","     208.781301","     212.978171","     201.006688","     207.916720","     226.755065","     218.663211","     189.402335","     189.603286","     187.791786","     207.572480","     205.746482","     188.439699","     204.645671","     194.414105","    6066.687172"
"SACRAMENTO","Total","     311.789941","     305.292144","     308.776987","     287.660312","     279.348114","     273.721444","     316.933480","     309.407823","     329.352500","     315.258467","     315.243360","     311.905656","     315.470977","     321.353297","     324.049991","     343.286626","     322.014374","     325.846837","     319.554589","     307.116369","     329.120075","     325.274600","     292.429038","     317.606379","     314.407324","     347.062027","     333.599184","     319.781001","     342.908077","     334.593966","    9500.164959"
"SAN BENITO","Non-Residential","       8.788887","       7.522166","       6.988275","       7.413759","       7.139082","       6.647884","       6.662619","       6.911560","       6.570531","       6.400663","       6.428014","       6.676206","       6.687161","       7.224109","       6.611314","       8.391053","       6.767477","       4.077144","       4.140698","      10.776420","      10.781229","      10.098611","       8.986396","      10.039619","       8.652612","       8.125903","       8.525716","       7.704570","      11.347585","      11.959255","     235.046518"
"SAN BENITO","Residential","       6.910951","       6.305243","       6.399008","       5.899782","       5.773532","       5.520175","       6.946537","       6.671058","       6.857968","       6.772885","       6.641150","       6.736600","       6.693379","       6.633099","       6.543481","       6.801907","       6.706218","       6.841025","       6.456492","       7.174264","       7.726998","       6.957450","       5.776373","       5.493299","       5.198282","       5.948740","       5.433239","       4.893723","       5.405677","       5.016936","     189.135471"
"SAN BENITO","Total","      15.699838","      13.827409","      13.387283","      13.313541","      12.912614","      12.168059","      13.609156","      13.582618","      13.428499","      13.173548","      13.069164","      13.412806","      13.380540","      13.857209","      13.154795","      15.192959","      13.473696","      10.918169","      10.597190","      17.950684","      18.508227","      17.056061","      14.762769","      15.532917","      13.850895","      14.074643","      13.958955","      12.598293","      16.753261","      16.976191","     424.181989"
"SAN BERNARDINO","Non-Residential","     272.238232","     268.588761","     257.879077","     259.752692","     245.499027","     238.061850","     239.507329","     236.105925","     232.862254","     223.558878","     204.742924","     240.437407","     245.691331","     252.781036","     238.902345","     258.936490","     247.509970","     269.654250","     263.881735","     303.365714","     309.506384","     310.719289","     294.800444","     302.014246","     272.312344","     304.959526","     246.771428","     236.102075","     259.325392","     270.000226","    7806.468581"
"SAN BERNARDINO","Residential","     275.034031","     231.468146","     235.261401","     234.628679","     223.939116","     213.697168","     263.153408","     249.594701","     271.052490","     268.985923","     256.182273","     259.227642","     261.618048","     261.628113","     254.438059","     274.985393","     251.359374","     260.667104","     262.343108","     259.375930","     273.852895","     281.228040","     248.524873","     246.494957","     248.016129","     265.271779","     257.896023","     255.561492","     262.134697","     268.320412","    7675.941404"
"SAN BERNARDINO","Total","     547.272263","     500.056907","     493.140478","     494.381371","     469.438143","     451.759018","     502.660737","     485.700626","     503.914744","     492.544801","     460.925197","     499.665050","     507.309379","     514.409149","     493.340404","     533.921883","     498.869344","     530.321354","     526.224842","     562.741644","     583.359279","     591.947329","     543.325317","     548.509203","     520.328473","     570.231305","     504.667451","     491.663567","     521.460090","     538.320638","   15482.409986"
"SAN DIEGO","Non-Residential","     230.140620","     217.997747","     207.039455","     203.800184","     197.132891","     194.443844","     209.336654","     203.521435","     201.909404","     218.347663","     206.135681","     216.672990","     215.112957","     218.678297","     219.673683","     224.771141","     225.361018","     219.504841","     214.840633","     200.934898","     203.469145","     197.886280","     194.152753","     191.728335","     198.485027","     195.543559","     172.741776","     186.215142","     170.782282","     180.590580","    6136.950915"
"SAN DIEGO","Residential","     303.771611","     264.526740","     272.796531","     268.989959","     255.632102","     256.576175","     318.306133","     311.180545","     326.950605","     337.913994","     308.747489","     324.692766","     331.933074","     345.407561","     335.165037","     357.561834","     339.788853","     357.118566","     358.484528","     340.240000","     336.396742","     323.967176","     311.537610","     317.043317","     316.193149","     343.816395","     327.053252","     313.662931","     335.282095","     337.914904","    9578.651674"
"SAN DIEGO","Total","     533.912231","     482.524487","     479.835986","     472.790143","     452.764993","     451.020019","     527.642787","     514.701980","     528.860009","     556.261657","     514.883170","     541.365756","     547.046031","     564.085858","     554.838720","     582.332975","     565.149872","     576.623407","     573.325162","     541.174898","     539.865887","     521.853456","     505.690363","     508.771652","     514.678176","     539.359954","     499.795028","     499.878073","     506.064377","     518.505484","   15715.602591"
"SAN FRANCISCO","Non-Residential","      96.487894","      96.321277","      97.270152","      97.105427","      91.905348","      96.065300","     106.011578","     106.903732","     109.090197","     109.994398","     125.040662","     146.759931","     108.668156","     116.022887","     111.768087","     109.955307","      97.959524","      95.431495","      88.219871","     132.511526","     129.467290","     120.853862","     109.390191","     110.161093","     109.004716","     120.578986","     113.980467","     107.040911","     114.702368","     109.349523","    3284.022156"
"SAN FRANCISCO","Residential","     132.991023","     131.708257","     132.686709","     129.691210","     121.859957","     123.885787","     150.705983","     150.683970","     153.808612","     153.795600","     152.690440","     155.793680","     149.712563","     148.364270","     146.359756","     152.140021","     149.999741","     153.014999","     144.414040","     167.285339","     187.057292","     172.397128","     155.948393","     160.911587","     161.678399","     177.078313","     167.620849","     159.255637","     184.027844","     180.513222","    4608.080621"
"SAN FRANCISCO","Total","     229.478917","     228.029534","     229.956861","     226.796637","     213.765305","     219.951087","     256.717561","     257.587702","     262.898809","     263.789998","     277.731102","     302.553611","     258.380719","     264.387157","     258.127843","     262.095328","     247.959265","     248.446494","     232.633911","     299.796865","     316.524583","     293.250990","     265.338584","     271.072680","     270.683116","     297.657299","     281.601317","     266.296548","     298.730212","     289.862745","    7892.102780"
"SAN JOAQUIN","Non-Residential","     170.240545","     159.845616","     114.157133","     115.649193","     114.865076","     120.422513","     147.429797","     131.934042","     120.123945","     105.336564","     105.947246","     113.407694","     115.878801","     134.847515","     120.731847","     145.777399","     112.349808","     107.405218","     125.618377","     179.442015","     184.864723","     184.255940","     166.462513","     174.742425","     167.160870","     163.189967","     171.607377","     165.720541","     174.807003","     200.671334","    4314.893037"
"SAN JOAQUIN","Residential","      89.135338","      85.595097","      86.569922","      79.777541","      79.102273","      77.094026","      93.128936","      90.742952","      98.187226","      93.409796","      92.330695","      91.179852","      92.220734","      91.390205","      90.155454","      93.716012","      92.397631","      94.254986","      88.956922","      89.170693","      97.987870","      92.994284","      80.242607","      79.395432","      77.259512","      88.593089","      85.693401","      79.025715","      85.167254","      84.892672","    2639.768127"
"SAN JOAQUIN","Total","     259.375883","     245.440713","     200.727055","     195.426734","     193.967349","     197.516539","     240.558733","     222.676994","     218.311171","     198.746360","     198.277941","     204.587546","     208.099534","     226.237720","     210.887301","     239.493412","     204.747440","     201.660204","     214.575299","     268.612708","     282.852593","     277.250224","     246.705119","     254.137857","     244.420382","     251.783057","     257.300778","     244.746256","     259.974257","     285.564006","    6954.661165"
"SAN LUIS OBISPO","Non-Residential","      50.989180","      45.416228","      48.014868","      45.382870","      45.168313","      43.999232","      44.005416","      41.759529","      39.391956","      38.362388","      39.402243","      38.537017","      51.898295","      50.665418","      50.102293","      51.386315","      52.650008","      51.195435","      44.311968","      30.535736","      32.660503","      31.083837","      33.144949","      23.864529","      18.948376","      20.458210","      20.536045","      18.284918","      19.773264","      19.921909","    1141.851248"
"SAN LUIS OBISPO","Residential","      38.737334","      36.261461","      35.772702","      34.939014","      32.361254","      32.755086","      40.935664","      40.057308","      41.274860","      40.530220","      39.784370","      40.090590","      41.005818","      40.597180","      39.562237","      42.514348","      40.097537","      42.633348","      43.172781","      38.224990","      42.164225","      39.312484","      33.235019","      33.584529","      32.810402","      35.546039","      33.274078","      34.855707","      35.670203","      33.836581","    1135.597369"
"SAN LUIS OBISPO","Total","      89.726514","      81.677689","      83.787570","      80.321884","      77.529567","      76.754318","      84.941079","      81.816837","      80.666816","      78.892608","      79.186613","      78.627607","      92.904113","      91.262598","      89.664530","      93.900663","      92.747545","      93.828784","      87.484748","      68.760726","      74.824728","      70.396321","      66.379968","      57.449059","      51.758778","      56.004248","      53.810123","      53.140625","      55.443467","      53.758490","    2277.448616"
"SAN MATEO","Non-Residential","      95.613450","      95.012469","      94.817867","      90.885346","      88.475841","      87.334291","      95.051835","      93.433655","      91.542096","      88.403106","      89.431604","      93.700336","      87.651026","      91.564593","      89.490597","      98.898690","      88.206291","      89.051551","      86.641269","      83.826037","      88.299507","      81.204352","      73.074464","      71.675112","      70.351857","      75.831945","      72.584055","      67.476439","      77.339143","      75.564037","    2572.432861"
"SAN MATEO","Residential","     118.816393","     114.651531","     116.438529","     108.843946","     105.424683","     105.396651","     132.628596","     130.566025","     135.877658","     133.068826","     132.475285","     136.852888","     130.210072","     129.037416","     127.294022","     132.321314","     130.459841","     133.082312","     125.601767","     151.473964","     171.207759","     157.570480","     138.465828","     137.586933","     137.991025","     156.598003","     147.135338","     134.505703","     155.333420","     151.428045","    4018.344253"
"SAN MATEO","Total","     214.429843","     209.664000","     211.256396","     199.729292","     193.900524","     192.730942","     227.680431","     223.999680","     227.419754","     221.471932","     221.906889","     230.553224","     217.861098","     220.602009","     216.784619","     231.220005","     218.666132","     222.133863","     212.243036","     235.300001","     259.507266","     238.774832","     211.540293","     209.262046","     208.342882","     232.429949","     219.719392","     201.982142","     232.672563","     226.992083","    6590.777118"
"SANTA BARBARA","Non-Residential","      77.577672","      70.373912","      70.416089","      69.627437","      65.684801","      72.701508","      72.515284","      68.645790","      64.543135","      61.043786","      58.979490","      64.511302","      76.858742","      72.748874","      71.299526","      86.014711","      73.681237","      69.310010","      63.090414","      75.348904","      79.337530","      87.553047","      59.470666","      78.035494","      62.541934","      72.431285","      61.738977","      60.456426","      60.504226","      78.482228","    2105.524437"
"SANTA BARBARA","Residential","      59.731418","      54.479997","      55.079523","      53.311452","      49.660443","      50.768983","      64.349113","      62.651397","      65.912012","      65.906773","      64.073585","      64.590344","      64.948731","      64.301270","      62.659266","      67.342883","      63.504495","      67.530679","      68.401568","      67.724082","      73.965563","      70.755079","      62.119153","      66.872142","      60.206813","      65.213616","      66.554364","      64.007265","      65.498707","      64.070312","    1896.191028"
"SANTA BARBARA","Total","     137.309090","     124.853909","     125.495612","     122.938889","     115.345244","     123.470491","     136.864397","     131.297187","     130.455147","     126.950559","     123.053075","     129.101646","     141.807473","     137.050144","     133.958792","     153.357594","     137.185731","     136.840689","     131.491982","     143.072986","     153.303093","     158.308126","     121.589819","     144.907636","     122.748747","     137.644901","     128.293342","     124.463691","     126.002933","     142.552540","    4001.715465"
"SANTA CLARA","Non-Residential","     215.886690","     206.283962","     205.749898","     203.360983","     195.956042","     189.608271","     198.753872","     195.731074","     199.034077","     196.430660","     196.725362","     203.370290","     209.857461","     225.277162","     220.335114","     245.144186","     218.171075","     217.975504","     248.160322","     219.308025","     245.401052","     240.328610","     215.091136","     208.647934","     209.856199","     221.752497","     218.541775","     210.247930","     236.974755","     242.868044","    6460.829962"
"SANTA CLARA","Residential","     243.834074","     233.746862","     239.175800","     218.545185","     216.069107","     214.260135","     267.164560","     258.847189","     272.664701","     261.131365","     265.164758","     269.800999","     262.298609","     259.868357","     242.536753","     265.702785","     264.253880","     263.751114","     251.367549","     293.763807","     328.961462","     311.121748","     271.979656","     266.018774","     267.668985","     305.185565","     294.592921","     270.866827","     298.292881","     291.452277","    7970.088685"
"SANTA CLARA","Total","     459.720764","     440.030824","     444.925698","     421.906168","     412.025150","     403.868406","     465.918432","     454.578263","     471.698778","     457.562024","     461.890120","     473.171289","     472.156070","     485.145519","     462.871867","     510.846970","     482.424955","     481.726618","     499.527872","     513.071832","     574.362514","     551.450358","     487.070793","     474.666708","     477.525183","     526.938062","     513.134696","     481.114757","     535.267636","     534.320322","   14430.918648"
"SANTA CRUZ","Non-Residential","      20.416942","      20.494424","      20.555861","      21.067721","      20.900405","      20.158553","      21.561812","      20.817097","      21.175937","      20.838961","      20.396632","      21.121355","      21.332049","      22.352773","      22.167217","      25.195773","      21.779019","      19.069086","      18.005980","      34.201926","      33.285326","      32.075304","      29.224515","      36.330706","      36.432072","      31.344958","      30.193643","      34.235788","      41.298980","      32.356015","     770.386830"
"SANTA CRUZ","Residential","      32.584537","      31.373465","      32.111100","      30.599367","      29.388145","      29.085183","      36.660123","      36.123132","      37.327366","      36.682516","      36.267561","      36.733041","      35.835324","      35.512596","      35.032794","      36.416363","      35.904064","      36.625798","      34.567065","      39.878147","      44.911088","      40.927991","      35.758750","      36.323118","      35.442199","      41.123177","      39.587379","      35.789070","      39.773254","      37.745625","    1082.089338"
"SANTA CRUZ","Total","      53.001479","      51.867889","      52.666961","      51.667088","      50.288550","      49.243736","      58.221935","      56.940230","      58.503303","      57.521477","      56.664193","      57.854396","      57.167374","      57.865369","      57.200010","      61.612136","      57.683082","      55.694885","      52.573046","      74.080073","      78.196414","      73.003295","      64.983264","      72.653824","      71.874271","      72.468134","      69.781022","      70.024859","      81.072234","      70.101640","    1852.476169"
"SHASTA","Non-Residential","      16.753565","      14.869665","      15.750715","      15.741631","      14.598151","      12.975744","      15.219230","      17.240917","      13.838104","      13.802837","      14.226398","      15.868968","      17.814644","      21.373992","      21.174759","      24.127428","      19.164229","      27.510314","      10.365416","      19.910879","      20.562894","      34.217342","      32.862335","      46.961667","      55.227874","      50.250079","      26.698076","      23.911946","      20.311666","      27.232053","     680.563518"
"SHASTA","Residential","      18.583625","      16.780435","      18.643018","      17.427792","      15.747071","      15.884545","      19.288915","      19.529325","      20.699581","      20.321484","      19.405251","      20.459071","      19.461209","      19.285944","      19.025376","      19.776756","      19.498540","      19.890494","      18.772451","      19.532343","      20.957488","      20.709113","      17.431611","      17.775729","      17.170784","      17.876402","      18.438087","      15.453418","      15.740743","      14.254024","     553.820625"
"SHASTA","Total","      35.337190","      31.650100","      34.393733","      33.169423","      30.345222","      28.860289","      34.508145","      36.770242","      34.537685","      34.124321","      33.631649","      36.328039","      37.275853","      40.659936","      40.200135","      43.904184","      38.662769","      47.400808","      29.137867","      39.443222","      41.520382","      54.926455","      50.293946","      64.737396","      72.398658","      68.126481","      45.136163","      39.365364","      36.052409","      41.486077","    1234.384143"
"SIERRA","Non-Residential","","","","","","","","","","","","","       1.540720","       1.540720","       1.559264","       1.312376","       0.931484","       0.593351","       1.056598","","","","","","","","","","","",""
"SIERRA","Residential","","","","","","","","","","","","","       0.000000","       0.000000","       0.000000","       0.000000","       0.000000","       0.000000","       0.000000","","","","","","","","","","","",""
"SIERRA","Total","","","","","","","","","","","","","       1.540720","       1.540720","       1.559264","       1.312376","       0.931484","       0.593351","       1.056598","","","","","","","","","","","",""
"SOLANO","Non-Residential","     177.023732","     185.673774","     170.544248","     200.256547","     170.771993","     179.363411","     154.339959","     156.995669","     144.474432","     163.791536","     158.254004","     176.695802","     143.760724","     164.324465","     167.840572","     186.083336","     120.839254","     102.050650","     141.196803","     140.960638","     127.205650","     134.033357","     131.994152","      94.565955","     128.157182","     148.624063","     155.902106","     113.005036","     137.115282","     149.699773","    4525.544105"
"SOLANO","Residential","      59.099223","      56.353688","      57.943450","      53.458024","      51.418125","      50.101797","      61.398974","      60.508820","      65.807192","      62.594416","      61.503025","      61.828913","      61.209585","      60.658339","      59.838799","      62.202045","      61.326998","      62.559778","      59.043298","      65.714693","      73.159518","      68.305172","      57.623307","      57.573916","      57.724180","      65.868277","      64.501815","      57.457452","      63.373574","      61.976884","    1822.133277"
"SOLANO","Total","     236.122955","     242.027462","     228.487698","     253.714571","     222.190118","     229.465208","     215.738933","     217.504489","     210.281624","     226.385952","     219.757029","     238.524715","     204.970309","     224.982805","     227.679371","     248.285381","     182.166251","     164.610428","     200.240101","     206.675331","     200.365168","     202.338529","     189.617459","     152.139870","     185.881362","     214.492340","     220.403922","     170.462488","     200.488857","     211.676657","    6347.677383"
"SONOMA","Non-Residential","      40.439832","      42.105553","      40.860932","      39.416758","      38.118301","      38.362464","      39.910905","      38.522869","      40.046123","      37.267889","      37.176363","      37.951241","      39.820637","      42.017348","      40.861643","      45.329194","      39.879377","      46.086704","      45.965701","      40.329502","      41.917116","      40.313124","      34.516230","      32.643305","      33.359599","      36.137478","      35.460422","      33.148769","      34.387936","      32.293381","    1164.646696"
"SONOMA","Residential","      70.540575","      69.236436","      72.444306","      66.549290","      63.319676","      63.744096","      78.707858","      76.562312","      80.669395","      77.935625","      78.113527","      79.215648","      77.071063","      76.376971","      75.345060","      78.320703","      77.218901","      78.771136","      74.343418","      83.591204","      92.392703","      85.938137","      73.011664","      72.049369","      72.314084","      84.207769","      81.650494","      73.803038","      79.247319","      75.751323","    2288.443100"
"SONOMA","Total","     110.980407","     111.341989","     113.305238","     105.966048","     101.437977","     102.106560","     118.618763","     115.085181","     120.715518","     115.203514","     115.289890","     117.166889","     116.891700","     118.394319","     116.206703","     123.649897","     117.098277","     124.857840","     120.309119","     123.920705","     134.309820","     126.251261","     107.527894","     104.692674","     105.673683","     120.345248","     117.110916","     106.951807","     113.635255","     108.044704","    3453.089796"
"STANISLAUS","Non-Residential","     132.700563","     129.979942","     125.872121","     126.053325","     124.599903","     129.122106","     121.264350","     122.586743","     116.885904","     107.646092","     110.793349","     112.067479","     115.403697","     132.569441","     114.789477","     139.786421","     107.897718","      85.383115","      92.302344","     124.882257","     133.489473","     130.249544","     118.940629","     117.730811","     115.981665","     104.078522","     117.951579","     108.423224","     109.660071","      98.598952","    3527.690817"
"STANISLAUS","Residential","      62.426363","      60.305423","      61.076499","      56.842451","      56.831878","      55.150943","      66.833766","      65.037698","      70.214929","      66.604651","      66.683990","      66.514614","      66.192616","      65.596494","      64.710235","      67.265872","      66.319587","      67.652727","      63.849973","      67.951419","      75.719452","      72.092305","      61.776454","      61.153092","      59.833790","      68.665819","      65.004197","      60.424042","      65.182563","      63.505677","    1937.419519"
"STANISLAUS","Total","     195.126926","     190.285365","     186.948620","     182.895776","     181.431781","     184.273049","     188.098116","     187.624441","     187.100833","     174.250743","     177.477339","     178.582093","     181.596314","     198.165935","     179.499712","     207.052292","     174.217305","     153.035842","     156.152318","     192.833675","     209.208926","     202.341849","     180.717083","     178.883903","     175.815455","     172.744341","     182.955775","     168.847265","     174.842635","     162.104629","    5465.110336"
"SUTTER","Non-Residential","       8.445270","       8.414320","       8.536597","       6.675857","       8.061224","       7.911007","       7.630635","       8.998084","       8.051558","       8.336253","       8.625215","       7.657544","       8.169147","       9.041292","       8.279184","       9.897008","       8.191004","       6.281852","       6.645333","      14.978615","      16.140249","      36.573170","      14.154946","      12.188675","      10.969829","      11.614172","       7.473205","      10.907392","      17.157555","      11.641039","     317.647231"
"SUTTER","Residential","      12.575638","      11.882140","      12.359959","      11.327682","      10.858874","      10.921695","      13.062863","      12.900625","      13.974460","      13.184884","      13.391594","      13.495178","      13.093623","      12.975703","      12.800392","      13.305925","      13.118739","      13.382449","      12.630223","      13.184658","      14.562313","      13.870429","      11.950506","      12.080483","      11.951045","      13.053335","      12.703492","      11.361950","      12.225374","      11.812282","     379.998513"
"SUTTER","Total","      21.020908","      20.296460","      20.896556","      18.003539","      18.920098","      18.832702","      20.693498","      21.898709","      22.026018","      21.521137","      22.016809","      21.152722","      21.262770","      22.016995","      21.079576","      23.202932","      21.309743","      19.664301","      19.275555","      28.163273","      30.702562","      50.443599","      26.105452","      24.269158","      22.920875","      24.667506","      20.176697","      22.269342","      29.382929","      23.453321","     697.645742"
"TEHAMA","Non-Residential","       6.845944","       6.881471","       7.570419","       6.932226","       7.264300","       7.048729","       7.146151","       7.712879","       7.706686","       6.636136","       7.368886","       7.442186","       7.686513","       9.141286","       8.482370","      10.121827","       9.232919","       6.215287","       9.305186","      15.918844","      15.174175","      14.386457","      14.942404","      15.764566","      13.969292","      15.731607","      15.074948","      19.145562","      15.795999","      12.795491","     315.440746"
"TEHAMA","Residential","       3.976070","       3.611388","       3.960383","       3.751556","       3.497670","       3.517847","       4.258898","       4.233038","       4.483155","       4.412908","       4.237990","       4.315974","       4.241742","       4.203542","       4.146749","       4.310518","       4.249879","       4.335309","       4.091621","       4.651043","       5.161900","       5.012739","       4.313240","       4.379672","       4.322757","       4.609451","       4.802685","       4.381182","       4.529387","       4.315549","     128.315842"
"TEHAMA","Total","      10.822014","      10.492859","      11.530802","      10.683782","      10.761970","      10.566576","      11.405049","      11.945917","      12.189841","      11.049044","      11.606876","      11.758160","      11.928256","      13.344828","      12.629118","      14.432345","      13.482798","      10.550596","      13.396807","      20.569887","      20.336074","      19.399196","      19.255644","      20.144238","      18.292049","      20.341058","      19.877633","      23.526744","      20.325386","      17.111040","     443.756587"
"TRINITY","Non-Residential","       0.031881","       0.032022","       0.037886","       0.033101","       0.028146","       0.029567","       0.036385","       0.035984","       0.040819","       0.040569","       0.043522","       0.039650","       0.038794","       0.034506","       0.032906","       0.035286","       0.035288","       0.058781","       0.054992","       0.087198","       0.039535","       0.039144","       0.030410","       0.029907","       0.033544","       0.035856","       0.037205","       0.032310","       0.039844","       0.043164","       1.168202"
"TRINITY","Residential","       0.019343","       0.021272","       0.021338","       0.020781","       0.017285","       0.018320","       0.020638","       0.021530","       0.022716","       0.021858","       0.020739","       0.021579","       0.020965","       0.020776","       0.020495","       0.021305","       0.021005","       0.021427","       0.020223","       0.022928","       0.025722","       0.025112","       0.021707","       0.021977","       0.020966","       0.024579","       0.025770","       0.019955","       0.020642","       0.019117","       0.642070"
"TRINITY","Total","       0.051224","       0.053294","       0.059224","       0.053882","       0.045431","       0.047887","       0.057023","       0.057514","       0.063535","       0.062427","       0.064261","       0.061229","       0.059759","       0.055282","       0.053401","       0.056591","       0.056293","       0.080208","       0.075214","       0.110127","       0.065257","       0.064256","       0.052117","       0.051884","       0.054510","       0.060435","       0.062975","       0.052265","       0.060486","       0.062281","       1.810272"
"TULARE","Non-Residential","     104.783297","     107.995237","     102.119697","     104.905094","     102.923996","     106.363345","     104.638090","     105.213449","     102.500792","     101.192432","      94.766633","      92.428287","     104.646193","      99.266312","      98.226561","      99.281015","      93.837656","     101.186863","      97.373459","      72.787080","      75.006407","      66.929357","      59.716755","      58.575563","      45.810923","      50.717012","      42.981378","      39.181498","      40.512025","      43.337705","    2519.204111"
"TULARE","Residential","      50.596380","      49.289222","      48.307306","      46.531542","      46.593639","      44.841958","      53.212586","      52.510960","      56.950960","      55.095296","      55.245607","      54.057752","      55.841368","      55.284696","      53.872941","      57.899802","      54.599648","      58.061265","      58.810035","      50.907747","      56.909745","      54.611391","      47.469125","      48.042609","      48.200520","      52.208991","      49.237105","      49.549715","      50.704293","      51.111163","    1566.555367"
"TULARE","Total","     155.379677","     157.284459","     150.427003","     151.436636","     149.517635","     151.205303","     157.850676","     157.724410","     159.451752","     156.287728","     150.012239","     146.486039","     160.487561","     154.551008","     152.099501","     157.180818","     148.437304","     159.248128","     156.183494","     123.694827","     131.916152","     121.540748","     107.185880","     106.618172","      94.011443","     102.926003","      92.218483","      88.731213","      91.216318","      94.448868","    4085.759478"
"VENTURA","Non-Residential","      72.763751","      67.705022","      69.273598","      72.315802","      68.467899","      66.248200","      72.346579","      72.933260","      76.166241","      76.555727","      76.806343","      84.429471","      88.745771","      93.261655","      94.159273","      97.963282","      97.612393","      98.242289","      92.030817","     110.971439","     119.811958","     103.305178","      90.078415","      95.772944","      82.933845","      86.636040","      80.929442","      83.568365","      84.635099","      87.846563","    2564.516661"
"VENTURA","Residential","     113.745137","      99.129837","     101.703695","     100.838883","      94.002203","      93.507905","     117.552185","     114.032174","     124.377077","     122.814507","     118.558363","     120.252030","     120.494253","     119.293069","     116.246790","     124.935933","     117.814875","     125.284337","     126.900029","     126.430880","     134.830206","     133.795381","     114.554725","     114.526257","     111.772630","     121.067655","     116.366888","     117.895512","     120.642626","     117.459111","    3500.825153"
"VENTURA","Total","     186.508888","     166.834859","     170.977292","     173.154685","     162.470102","     159.756105","     189.898764","     186.965435","     200.543318","     199.370233","     195.364707","     204.681501","     209.240024","     212.554725","     210.406063","     222.899216","     215.427268","     223.526626","     218.930847","     237.402319","     254.642164","     237.100559","     204.633140","     210.299201","     194.706475","     207.703695","     197.296331","     201.463877","     205.277725","     205.305675","    6065.341819"
"YOLO","Non-Residential","      36.287944","      35.177911","      34.636721","      33.373655","      32.445632","      32.907152","      33.328940","      33.728094","      34.514476","      35.004406","      34.890223","      34.877058","      33.416323","      37.845095","      37.884060","      45.076944","      32.917305","      17.174878","      17.785165","      58.161496","      67.241380","      63.650587","      55.550731","      50.667068","      56.913910","      57.686786","      50.669382","      50.743621","      51.418468","      68.670781","    1264.646192"
"YOLO","Residential","      25.730733","      24.617181","      25.286493","      23.197140","      22.366494","      21.961902","      27.031354","      26.369136","      28.471076","      27.307703","      27.094852","      26.939636","      26.723328","      26.482661","      26.124860","      27.156623","      26.774588","      27.312805","      25.777554","      26.525296","      28.392873","      27.138928","      23.790360","      23.366330","      23.339873","      26.250949","      25.899981","      24.021365","      25.316794","      24.679055","     771.447923"
"YOLO","Total","      62.018677","      59.795092","      59.923214","      56.570795","      54.812126","      54.869054","      60.360294","      60.097230","      62.985552","      62.312109","      61.985075","      61.816694","      60.139650","      64.327756","      64.008920","      72.233567","      59.691894","      44.487682","      43.562719","      84.686792","      95.634252","      90.789515","      79.341091","      74.033397","      80.253783","      83.937735","      76.569363","      74.764986","      76.735261","      93.349836","    2036.094111"
"YUBA","Non-Residential","       4.324403","       4.470877","       4.145762","       3.050840","       3.695899","       4.035018","       3.640086","       4.815451","       4.940924","       5.045326","       5.365586","       4.738510","       4.426025","       4.891201","       4.716060","       5.441058","       4.627005","       4.301239","       5.377873","       7.049325","       6.101771","       4.973755","       5.568702","       6.001348","       5.609816","       5.535881","       4.810318","       5.237576","       5.822573","       4.604466","     147.364674"
"YUBA","Residential","       7.345743","       7.188810","       7.115577","       6.678549","       6.321867","       6.398526","       7.667404","       7.535412","       8.100722","       7.722578","       7.744096","       7.509474","       7.610095","       7.541559","       7.439667","       7.733486","       7.624692","       7.777962","       7.340764","       7.070292","       7.708791","       7.489106","       6.668784","       6.787839","       6.683483","       7.565513","       7.548215","       6.951010","       7.496285","       7.439773","     219.806074"
"YUBA","Total","      11.670146","      11.659687","      11.261339","       9.729389","      10.017766","      10.433544","      11.307490","      12.350863","      13.041646","      12.767904","      13.109682","      12.247984","      12.036120","      12.432760","      12.155727","      13.174544","      12.251698","      12.079201","      12.718637","      14.119617","      13.810562","      12.462862","      12.237486","      12.789187","      12.293299","      13.101394","      12.358533","      12.188586","      13.318858","      12.044238","     367.170749"
